NAME,DATEPUBLIC,MARKETVAL,REVGROWTH,EPS ,CURRENT RATIO,DEBT/EQUITY,UP_DOWN_PQ-10 ,VARIANCE,10DAYSAFTER_EARN ,20DAYSAFTER_EARN,30DAYSAFTER_EARN
Royal Caribbean Cruises Ltd., 4/28/1993,"6,757.0",0.089,0.126,1.6,160,-13.77%,-0.26%,-5.92%,-28.51%,-59.26%
Marathon Petroleum Corporation, 6/23/2011,"16,198.0",,,,,-11.22%,82.86%,9.96%,-18.67%,-52.24%
"Helmerich & Payne, Inc.",11/05/1984,"1,906.5",,,,,-9.71%,59.68%,9.10%,-23.19%,-49.86%
Boeing Company,11/05/1984,"95,848.5",,,,,-4.14%,-276.71%,7.90%,-17.18%,-46.19%
"American Airlines Group, Inc.",12/09/2013,"6,096.9",,,,,0.37%,0.78%,-1.74%,-1.70%,-42.60%
Alliance Data Systems Corporation, 6/08/2001,"2,358.0",,,,,-2.19%,-0.90%,-3.44%,-17.02%,-42.35%
Capri Holdings Limited,12/15/2011,"2,080.7",,,,,-16.12%,4.48%,-13.36%,-19.06%,-40.37%
Hess Corporation,11/05/1984,"10,658.1",,,,,-10.36%,17.74%,1.64%,-6.38%,-40.31%
"Dow, Inc.", 3/20/2019,"19,079.5",,,,,-9.91%,6.90%,-0.58%,-19.91%,-40.15%
SVB Financial Group,10/23/1987,"8,075.9",,,,,2.49%,11.14%,1.78%,-5.40%,-39.10%
Textron Inc.,11/05/1984,"6,629.0",,,,,1.47%,3.83%,4.42%,-16.88%,-38.70%
LyondellBasell Industries NV, 4/28/2010,"15,623.7",,,,,-8.49%,-18.74%,6.09%,-9.78%,-37.14%
ConocoPhillips,11/05/1984,"33,925.9",,,,,-9.05%,-5.23%,4.90%,-16.59%,-36.52%
"United Airlines Holdings, Inc.", 1/26/2006,"10,324.7",,,,,-2.18%,0.81%,-1.79%,-2.37%,-35.44%
Invesco Ltd., 9/08/1993,"4,896.8",,,,,-0.50%,-8.54%,5.39%,-21.42%,-35.27%
"Principal Financial Group, Inc.",10/23/2001,"9,765.2",,,,,-3.93%,1.51%,3.74%,-17.17%,-33.82%
"Alaska Air Group, Inc.",11/05/1984,"4,664.5",,,,,-0.50%,3.34%,-2.02%,-19.19%,-33.76%
"United Rentals, Inc.",12/18/1997,"6,741.8",,,,,-1.35%,8.35%,13.07%,-17.24%,-31.30%
Sysco Corporation,11/05/1984,"23,935.5",,,,,-0.63%,1.83%,0.20%,-10.84%,-31.28%
Halliburton Company,11/05/1984,"6,291.4",,,,,-3.23%,8.42%,-8.83%,2.81%,-30.92%
General Electric Company,11/05/1984,"68,610.8",,,,,-3.22%,21.72%,1.70%,-21.05%,-30.41%
Western Digital Corporation,11/05/1984,"12,501.3",,,,,0.43%,7.38%,5.73%,-13.30%,-30.35%
Exxon Mobil Corporation,11/05/1984,"161,331.1",,,,,-6.22%,-4.25%,-2.37%,-11.16%,-29.25%
"Zimmer Biomet Holdings, Inc.", 7/25/2001,"20,186.3",,,,,-0.58%,1.45%,2.07%,-13.72%,-29.17%
TransDigm Group Incorporated, 3/15/2006,"22,265.5",,,,,2.45%,7.38%,0.00%,-9.95%,-28.18%
Unum Group,11/06/1986,"3,148.1",,,,,-4.09%,1.80%,-0.30%,-28.52%,-27.96%
Phillips 66, 4/12/2012,"23,888.3",,,,,-8.08%,-1.20%,-2.08%,-16.05%,-27.63%
Norfolk Southern Corporation,11/05/1984,"37,867.0",,,,,2.24%,11.85%,-1.82%,-12.63%,-27.56%
"Harley-Davidson, Inc.", 7/08/1986,"3,624.6",,,,,0.00%,-15.26%,1.15%,-7.08%,-27.36%
"Simon Property Group, Inc.",12/14/1993,"31,743.5",,,,,-10.13%,0.21%,-0.20%,-9.87%,-27.31%
Trane Technologies plc,11/05/1984,"24,660.2",,,,,-0.43%,-1.64%,8.41%,-8.98%,-27.30%
"Prudential Financial, Inc.",12/13/2001,"21,009.2",,,,,-2.05%,15.90%,-1.94%,-22.95%,-26.76%
Truist Financial Corporation,11/05/1984,"45,425.9",,,,,-4.44%,-16.71%,5.16%,-15.83%,-26.68%
E*TRADE Financial Corporation, 8/16/1996,"7,986.4",,,,,-0.65%,-16.98%,-4.43%,15.52%,-26.66%
W. R. Berkley Corporation,11/05/1984,"10,304.7",,,,,6.25%,3.46%,8.10%,-11.00%,-26.49%
Eastman Chemical Company,12/14/1993,"6,297.8",,,,,-8.73%,6.73%,4.85%,-15.79%,-26.41%
"Raymond James Financial, Inc.",11/05/1984,"10,074.4",,,,,8.76%,-1.95%,-1.41%,5.62%,-26.24%
M&T Bank Corporation,11/05/1984,"14,654.4",,,,,-2.42%,3.69%,0.45%,-1.50%,-25.77%
"Tapestry, Inc.",10/05/2000,"4,480.0",,,,,2.68%,11.02%,-3.48%,-22.47%,-25.21%
Discover Financial Services, 6/14/2007,"15,959.6",,,,,4.22%,0.49%,-1.31%,-2.84%,-25.14%
Valero Energy Corporation,11/05/1984,"20,425.9",,,,,-9.37%,31.59%,-5.09%,-20.85%,-24.68%
Emerson Electric Co.,11/05/1984,"30,794.0",,,,,-6.66%,-0.33%,-1.88%,-7.22%,-24.51%
KeyCorp,11/05/1984,"12,346.7",,,,,0.82%,-0.80%,-1.11%,0.31%,-24.40%
Ralph Lauren Corporation Class A, 6/12/1997,"6,171.7",,,,,-7.24%,16.61%,-3.14%,-7.73%,-24.31%
Lincoln National Corporation,11/05/1984,"5,638.4",,,,,-1.24%,-0.16%,0.67%,-36.22%,-24.29%
Parker-Hannifin Corporation,11/05/1984,"18,011.9",,,,,-3.74%,11.70%,3.84%,-13.27%,-24.06%
Kimco Realty Corporation,11/22/1991,"5,708.7",,,,,0.10%,32.53%,-2.17%,-8.35%,-23.80%
T. Rowe Price Group, 4/02/1986,"25,334.3",,,,,0.21%,10.25%,1.73%,-13.46%,-23.46%
"Arconic, Inc.",10/18/2016,"8,945.1",,,,,-2.22%,-1.85%,3.20%,0.19%,-23.37%
American Express Company,11/05/1984,"80,480.9",,,,,4.64%,1.07%,-2.44%,-2.75%,-23.32%
"Stanley Black & Decker, Inc.",11/05/1984,"16,802.6",,,,,0.64%,-0.06%,3.45%,-19.15%,-23.06%
Synchrony Financial, 7/31/2014,"14,803.2",,,,,2.12%,12.16%,1.72%,-2.83%,-22.42%
United Technologies Corporation,11/05/1984,"91,203.6",,,,,-0.55%,5.31%,1.56%,-10.87%,-22.31%
WestRock Company, 3/03/1994,"6,686.3",,,,,-4.58%,-1.61%,1.82%,-18.40%,-22.20%
"Zions Bancorporation, N.A.",11/05/1984,"4,851.9",,,,,-2.29%,-6.90%,0.36%,-3.67%,-21.95%
Caterpillar Inc.,11/05/1984,"54,810.3",,,,,-7.01%,10.34%,5.06%,-7.53%,-21.91%
"NVR, Inc.", 6/17/1986,"10,747.2",,,,,5.79%,9.75%,2.01%,-5.80%,-21.32%
"Fortune Brands Home & Security, Inc.", 9/16/2011,"6,802.6",,,,,-1.12%,2.99%,2.30%,-14.99%,-21.30%
Northern Trust Corporation,11/05/1984,"15,913.3",,,,,3.16%,-1.98%,-1.50%,-0.70%,-21.24%
"Hartford Financial Services Group, Inc.",12/18/1995,"15,232.9",,,,,-1.76%,8.68%,0.64%,-7.21%,-21.11%
Microchip Technology Incorporated, 3/19/1993,"16,760.5",,,,,-6.89%,4.50%,-0.35%,-17.99%,-21.10%
"Freeport-McMoRan, Inc.", 7/10/1995,"10,925.4",,,,,-5.59%,-27980.98%,2.92%,-3.08%,-21.02%
Stryker Corporation,11/05/1984,"61,542.7",,,,,3.53%,1.40%,2.56%,-9.83%,-20.84%
Starbucks Corporation, 6/26/1992,"82,065.1",,,,,-2.72%,4.14%,2.13%,-11.61%,-20.68%
Fifth Third Bancorp,11/05/1984,"12,537.3",,,,,-3.88%,33.67%,2.86%,-1.16%,-20.62%
"Skyworks Solutions, Inc.",11/05/1984,"14,122.9",,,,,7.24%,1.38%,-6.84%,-2.41%,-20.57%
Raytheon Company,11/05/1984,"41,724.4",,,,,-0.04%,1.23%,0.29%,-16.85%,-20.53%
General Dynamics Corporation,11/05/1984,"40,443.5",,,,,1.38%,1.96%,2.88%,-11.98%,-20.41%
Schlumberger NV,11/05/1984,"22,432.7",,,,,-3.46%,6.74%,-12.80%,0.57%,-20.33%
Globe Life Inc.,11/05/1984,"7,697.2",,,,,3.16%,-1.06%,2.55%,-19.35%,-20.16%
Weyerhaeuser Company,11/05/1984,"16,341.8",,,,,-2.78%,-45.79%,5.91%,-10.50%,-20.12%
Huntington Bancshares Incorporated,11/05/1984,"9,718.3",,,,,2.22%,-9.08%,-2.07%,-0.43%,-20.06%
"Maxim Integrated Products, Inc.", 2/29/1988,"13,081.8",,,,,0.41%,5.08%,4.79%,-13.20%,-20.00%
Comerica Incorporated,11/05/1984,"5,465.8",,,,,-2.75%,6.40%,-5.14%,0.11%,-19.98%
"Leggett & Platt, Incorporated",11/05/1984,"4,286.5",,,,,-8.28%,2.26%,-5.37%,-9.94%,-19.92%
"Ameriprise Financial, Inc.", 9/15/2005,"13,968.5",,,,,-1.41%,-1.75%,4.63%,-20.80%,-19.79%
Aon plc,11/05/1984,"41,046.3",,,,,5.07%,2.49%,7.03%,-6.22%,-19.73%
"Rockwell Automation, Inc.",11/05/1984,"19,307.5",,,,,-4.80%,0.52%,4.93%,-9.55%,-19.66%
Whirlpool Corporation,11/05/1984,"7,234.9",,,,,-0.97%,14.94%,-2.99%,-9.65%,-19.53%
Southwest Airlines Co.,11/05/1984,"21,354.0",,,,,-1.49%,-10.33%,4.19%,-2.06%,-19.10%
"Delta Air Lines, Inc.", 4/26/2007,"24,554.0",,,,,0.69%,21.20%,-7.81%,4.98%,-18.97%
Nucor Corporation,11/05/1984,"10,787.8",,,,,-6.80%,55.75%,-2.28%,-9.66%,-18.87%
"Tyson Foods, Inc. Class A",11/05/1984,"18,800.5",,,,,-3.99%,2.13%,-2.43%,-16.93%,-18.78%
Citigroup Inc.,10/29/1986,"107,092.5",,,,,1.23%,18.64%,-6.63%,3.73%,-18.76%
TE Connectivity Ltd., 6/14/2007,"23,460.1",,,,,0.18%,6.28%,-3.21%,-12.36%,-18.74%
"PNC Financial Services Group, Inc.",11/05/1984,"45,865.2",,,,,-0.09%,1.22%,-2.02%,2.89%,-18.62%
"BlackRock, Inc.",10/01/1999,"64,064.7",,,,,3.49%,7.52%,1.78%,5.35%,-18.56%
"MetLife, Inc.", 4/05/2000,"29,242.4",,,,,-0.71%,44.05%,-1.23%,-23.52%,-18.50%
Bank of America Corp,11/05/1984,"210,881.3",,,,,0.48%,8.26%,-3.43%,4.27%,-18.36%
"Citizens Financial Group, Inc.", 9/24/2014,"10,113.1",,,,,-2.85%,3.15%,-7.81%,0.74%,-17.94%
Baker Hughes Company Class A, 4/03/1987,"13,123.8",,,,,-10.93%,-14.31%,-3.66%,-5.45%,-17.91%
General Motors Company,11/18/2010,"35,310.6",,,,,-1.77%,313.18%,0.74%,-14.71%,-17.91%
Capital One Financial Corporation,11/16/1994,"33,318.5",,,,,1.10%,5.21%,-1.89%,-1.15%,-17.83%
Intel Corporation,11/05/1984,"232,797.1",,,,,7.38%,21.40%,-3.58%,-6.45%,-17.67%
"Nasdaq, Inc.", 7/01/2002,"15,849.4",,,,,3.78%,1.84%,-1.11%,-5.80%,-17.52%
"Automatic Data Processing, Inc.",11/05/1984,"62,388.5",,,,,3.45%,5.17%,4.09%,-11.51%,-17.30%
Celanese Corporation, 1/21/2005,"9,375.2",,,,,-12.39%,-4.13%,2.85%,-12.16%,-17.16%
DTE Energy Company,11/05/1984,"18,572.6",,,,,-0.62%,3.93%,-0.37%,-13.21%,-17.05%
"Franklin Resources, Inc.",11/05/1984,"8,998.8",,,,,-1.62%,5.12%,-7.63%,-10.12%,-16.77%
Morgan Stanley, 2/23/1993,"57,464.9",,,,,3.56%,17.74%,-7.41%,6.85%,-16.76%
"Qorvo, Inc.", 6/03/1997,"9,694.4",,,,,-2.88%,10.99%,-2.34%,-7.87%,-16.68%
Aflac Incorporated,11/05/1984,"25,064.3",,,,,-1.27%,-0.75%,-3.36%,-19.25%,-16.57%
Ford Motor Company,11/05/1984,"22,323.2",,,,,-0.33%,-28.14%,-3.37%,-16.06%,-16.47%
"Air Products and Chemicals, Inc.",11/05/1984,"45,539.1",,,,,4.03%,1.97%,2.45%,-1.76%,-16.45%
"AMETEK, Inc.",11/05/1984,"17,092.7",,,,,-2.12%,5.24%,0.52%,-11.42%,-16.25%
V.F. Corporation,11/05/1984,"23,501.7",,,,,-4.20%,1.59%,-1.56%,-0.43%,-16.23%
L3Harris Technologies Inc,11/05/1984,"38,527.3",,,,,0.69%,#N/A,1.00%,-6.35%,-16.07%
Ball Corporation,11/05/1984,"20,797.4",,,,,6.65%,5.39%,-1.46%,-1.05%,-16.06%
"PulteGroup, Inc.",11/05/1984,"8,242.3",,,,,10.78%,11.78%,0.30%,-10.45%,-16.00%
Las Vegas Sands Corp.,12/15/2004,"37,428.2",,,,,-11.80%,12.38%,4.70%,-15.87%,-15.95%
Chubb Limited, 3/25/1993,"55,227.2",,,,,1.02%,7.72%,-1.32%,-11.19%,-15.89%
U.S. Bancorp,11/05/1984,"56,438.8",,,,,-4.36%,-16.94%,-1.31%,1.71%,-15.84%
"Goldman Sachs Group, Inc.", 5/04/1999,"61,242.9",,,,,6.90%,-13.02%,-0.44%,-2.37%,-15.77%
"Gartner, Inc.",10/05/1993,"9,472.4",,,,,1.66%,44.66%,-0.19%,-18.01%,-15.64%
UnitedHealth Group Incorporated,11/05/1984,"258,049.8",,,,,-1.91%,3.28%,-5.21%,7.55%,-15.63%
"Church & Dwight Co., Inc.",11/05/1984,"15,555.2",,,,,1.31%,0.01%,2.98%,-1.92%,-15.57%
Mastercard Incorporated Class A, 5/25/2006,"271,389.4",,,,,1.61%,4.76%,4.32%,-14.47%,-15.51%
McDonald's Corporation,11/05/1984,"132,041.0",,,,,1.88%,0.29%,1.41%,-7.57%,-15.36%
"Paycom Software, Inc.", 4/15/2014,"13,335.7",,,,,6.34%,11.07%,3.33%,-10.88%,-15.35%
"PerkinElmer, Inc.",11/05/1984,"8,216.5",,,,,-1.66%,1.84%,-1.71%,-10.29%,-15.30%
Humana Inc.,11/05/1984,"41,475.0",,,,,-6.06%,3.83%,1.70%,-0.11%,-15.30%
Cboe Global Markets Inc, 6/15/2010,"10,469.2",,,,,6.95%,8.62%,-0.45%,-8.38%,-15.18%
Aptiv PLC,11/17/2011,"16,964.4",,,,,0.98%,12.77%,3.24%,-13.71%,-14.90%
Corning Inc,11/05/1984,"17,410.7",,,,,-7.89%,4.22%,1.73%,-16.68%,-14.81%
"F5 Networks, Inc.", 6/04/1999,"6,427.0",,,,,-1.81%,5.01%,0.07%,0.29%,-14.75%
Allstate Corporation, 6/03/1993,"29,400.1",,,,,1.83%,-3.31%,-0.97%,-12.15%,-14.47%
"Alexion Pharmaceuticals, Inc.", 2/28/1996,"17,809.5",,,,,-5.19%,3.86%,3.11%,-9.08%,-14.45%
State Street Corporation,11/05/1984,"20,856.6",,,,,0.47%,16.77%,-7.84%,1.04%,-14.35%
Jacobs Engineering Group Inc.,11/05/1984,"11,543.4",,,,,-1.02%,1.29%,6.29%,-0.17%,-14.34%
International Business Machines Corporation,11/05/1984,"95,903.6",,,,,3.78%,0.47%,8.65%,-3.27%,-14.33%
Loews Corporation,11/05/1984,"10,650.4",,,,,3.70%,#N/A,-9.77%,-14.26%,-14.29%
Union Pacific Corporation,11/05/1984,"99,294.1",,,,,1.61%,-1.01%,-0.58%,-2.36%,-14.10%
Kansas City Southern,11/05/1984,"12,269.8",,,,,3.98%,-0.86%,2.96%,3.35%,-14.07%
Hanesbrands Inc., 8/16/2006,"3,508.6",,,,,-0.14%,0.46%,-0.85%,-20.03%,-14.03%
"C.H. Robinson Worldwide, Inc.",10/15/1997,"8,413.3",,,,,-3.21%,-23.66%,-0.12%,-4.71%,-13.97%
Tractor Supply Company, 2/17/1994,"8,938.1",,,,,5.37%,-1.84%,4.72%,-9.92%,-13.90%
"Hologic, Inc.", 3/01/1990,"10,718.3",,,,,2.09%,0.35%,-3.30%,-10.14%,-13.88%
Johnson Controls International plc,11/05/1984,"25,061.2",,,,,-1.03%,5.43%,6.36%,-9.27%,-13.82%
"J.B. Hunt Transport Services, Inc.",11/05/1984,"9,339.1",,,,,1.91%,-10.00%,-3.70%,-0.75%,-13.75%
SL Green Realty Corp., 8/15/1997,"5,205.1",,,,,3.56%,-36.53%,0.19%,-0.92%,-13.71%
Boston Scientific Corporation, 5/19/1992,"45,139.0",,,,,-2.70%,4.67%,-0.28%,-11.86%,-13.69%
Chevron Corporation,11/05/1984,"156,773.3",,,,,-4.07%,-15.20%,2.74%,-12.25%,-13.63%
Regions Financial Corporation,11/05/1984,"9,554.8",,,,,-2.57%,3.91%,-3.23%,2.84%,-13.61%
"DuPont de Nemours, Inc.",11/05/1984,"27,431.3",,,,,-4.12%,-0.48%,1.04%,-19.47%,-13.52%
"Chipotle Mexican Grill, Inc.", 1/26/2006,"17,503.8",,,,,1.62%,3.63%,8.62%,-21.57%,-13.36%
CSX Corporation,11/05/1984,"44,835.5",,,,,4.85%,3.14%,0.92%,3.13%,-13.33%
"Xilinx, Inc.", 6/12/1990,"19,046.0",,,,,-0.34%,9.43%,3.53%,-12.81%,-13.22%
Pentair plc,11/05/1984,"6,026.6",,,,,-0.84%,4.57%,-0.02%,-5.47%,-13.02%
Arthur J. Gallagher & Co.,11/05/1984,"16,953.5",,,,,4.58%,10.12%,6.42%,-5.18%,-12.99%
McKesson Corporation,11/05/1984,"23,475.6",,,,,-7.95%,8.93%,12.57%,-9.37%,-12.93%
Edwards Lifesciences Corporation, 3/27/2000,"38,792.3",,,,,-1.19%,-1.73%,4.86%,-7.65%,-12.88%
Eaton Corp. Plc,11/05/1984,"35,370.5",,,,,-0.20%,3.92%,3.37%,-5.93%,-12.80%
Coty Inc. Class A, 6/13/2013,"5,909.5",,,,,-2.03%,12.37%,-6.24%,-21.98%,-12.79%
"Boston Properties, Inc.", 6/18/1997,"18,158.6",,,,,3.22%,2.37%,1.46%,-11.56%,-12.76%
Kinder Morgan Inc Class P, 2/11/2011,"33,477.6",,,,,-1.73%,-1.80%,-1.98%,3.80%,-12.69%
"Hasbro, Inc.",11/05/1984,"7,531.0",,,,,-2.64%,33.87%,-17.58%,-23.66%,-12.64%
Cummins Inc.,11/05/1984,"20,563.0",,,,,-6.28%,5.85%,4.25%,-6.79%,-12.53%
"Twitter, Inc.",11/07/2013,"22,941.0",,,,,-1.85%,-13.76%,-0.26%,-12.66%,-12.46%
"PPG Industries, Inc.",11/05/1984,"22,220.4",,,,,-2.06%,-2.12%,-5.94%,0.26%,-12.35%
AT&T Inc.,11/05/1984,"247,249.3",,,,,1.26%,2.36%,2.67%,-6.07%,-12.31%
HCA Healthcare Inc, 3/10/2011,"35,295.6",,,,,-4.41%,-0.07%,2.79%,-14.17%,-12.29%
"Yum! Brands, Inc.", 9/17/1997,"23,602.5",,,,,0.27%,-11.25%,-0.22%,-13.63%,-12.24%
"D.R. Horton, Inc.", 6/05/1992,"14,398.1",,,,,9.84%,26.60%,3.10%,-5.58%,-12.22%
"Illumina, Inc.", 7/28/2000,"34,299.5",,,,,-1.20%,7.50%,-1.56%,-8.82%,-12.17%
Alphabet Inc. Class A, 8/19/2004,"836,412.7",,,,,0.21%,22.93%,5.50%,-9.40%,-12.11%
JPMorgan Chase & Co.,11/05/1984,"319,416.9",,,,,-1.39%,9.26%,-3.29%,2.81%,-12.05%
"Intuitive Surgical, Inc.", 6/13/2000,"54,626.1",,,,,5.71%,3.03%,-1.66%,0.13%,-11.98%
Texas Instruments Incorporated,11/05/1984,"99,008.0",,,,,3.04%,9.08%,-1.29%,-3.02%,-11.95%
Comcast Corporation Class A,11/05/1984,"179,070.8",,,,,5.59%,3.09%,-2.30%,2.74%,-11.89%
"ServiceNow, Inc.", 6/29/2012,"54,599.8",,,,,3.79%,10.33%,2.98%,-7.31%,-11.78%
Dover Corporation,11/05/1984,"13,097.8",,,,,-0.63%,5.96%,0.54%,-14.07%,-11.67%
"Intercontinental Exchange, Inc.",11/16/2005,"46,002.8",,,,,-3.68%,0.10%,5.15%,-0.75%,-11.61%
IDEX Corporation, 6/02/1989,"9,971.4",,,,,-0.19%,-1.55%,5.29%,-15.28%,-11.59%
"Facebook, Inc. Class A", 5/18/2012,"485,374.8",,,,,1.90%,1.35%,1.72%,-9.70%,-11.53%
Carnival Corporation, 7/24/1987,"9,262.0",,,,,5.54%,23.01%,-3.35%,2.78%,-11.51%
Waters Corporation,11/17/1995,"11,466.9",,,,,-5.66%,6.39%,-1.11%,-3.79%,-11.49%
"Wynn Resorts, Limited",10/25/2002,"7,797.1",,,,,-3.54%,-167.45%,-5.31%,-31.82%,-11.49%
"Advanced Micro Devices, Inc.",11/05/1984,"51,348.1",,,,,3.66%,4.58%,13.43%,-18.33%,-11.36%
First Republic Bank,12/09/2010,"16,582.4",,,,,-1.88%,8.19%,-7.19%,5.23%,-11.31%
ResMed Inc., 6/02/1995,"21,653.5",,,,,4.23%,20.39%,11.09%,-4.45%,-11.27%
Cerner Corporation,12/05/1986,"20,098.2",,,,,-2.10%,1.80%,-2.40%,-5.40%,-11.22%
Xylem Inc.,10/13/2011,"12,997.7",,,,,6.57%,-0.10%,6.50%,-8.25%,-11.20%
Wells Fargo & Company,11/05/1984,"126,645.5",,,,,-3.36%,-46.60%,-4.12%,1.10%,-11.13%
Charles Schwab Corporation, 9/23/1987,"43,564.1",,,,,-0.93%,-3.03%,-7.04%,3.69%,-11.12%
IHS Markit Ltd., 6/19/2014,"22,375.2",,,,,5.67%,6.78%,0.92%,0.91%,-11.03%
Snap-on Incorporated,11/05/1984,"6,902.6",,,,,-2.33%,0.00%,0.01%,-11.43%,-10.97%
Lockheed Martin Corporation,11/05/1984,"92,641.7",,,,,4.48%,5.20%,0.61%,-8.86%,-10.97%
"Roper Technologies, Inc.", 2/13/1992,"33,267.5",,,,,1.57%,1.23%,-0.25%,-9.45%,-10.86%
Lam Research Corporation,11/05/1984,"38,101.7",,,,,-0.84%,4.21%,9.85%,-14.10%,-10.79%
Equity Residential, 8/12/1993,"27,381.3",,,,,0.53%,100.00%,3.06%,-7.47%,-10.77%
Bank of New York Mellon Corporation,11/05/1984,"30,206.8",,,,,0.72%,8.83%,-4.15%,2.50%,-10.76%
"Old Dominion Freight Line, Inc.",10/24/1991,"14,180.5",,,,,2.05%,0.78%,2.16%,-10.83%,-10.34%
"Align Technology, Inc.", 1/26/2001,"15,426.1",,,,,-9.04%,24.41%,3.83%,-20.01%,-10.29%
Estee Lauder Companies Inc. Class A,11/17/1995,"61,920.0",,,,,-5.32%,10.80%,-1.07%,-8.28%,-10.28%
Fastenal Company, 8/20/1987,"19,581.2",,,,,0.21%,-1.23%,-2.57%,6.79%,-10.19%
FedEx Corporation,11/05/1984,"27,843.1",,,,,8.00%,-8.48%,4.30%,4.44%,-10.09%
Walt Disney Company,11/05/1984,"185,093.6",,,,,0.81%,4.71%,-0.71%,-18.80%,-10.05%
PACCAR Inc,11/05/1984,"22,560.5",,,,,-3.40%,1.31%,-1.45%,-8.25%,-9.98%
Amphenol Corporation Class A,11/08/1991,"23,728.8",,,,,0.68%,7.78%,-1.88%,-0.88%,-9.92%
Willis Towers Watson Public Limited Company, 6/12/2001,"23,174.9",,,,,8.00%,0.86%,-0.22%,-4.19%,-9.85%
Illinois Tool Works Inc.,11/05/1984,"49,886.3",,,,,-0.29%,1.42%,7.36%,-7.76%,-9.71%
Cognizant Technology Solutions Corporation Class A, 6/19/1998,"28,869.3",,,,,4.47%,2.83%,-1.86%,-16.91%,-9.65%
"Alexandria Real Estate Equities, Inc.", 5/28/1997,"18,127.7",,,,,1.17%,217.03%,0.83%,-3.40%,-9.61%
"People's United Financial, Inc.", 7/06/1988,"5,577.9",,,,,-0.84%,12.91%,-2.93%,2.89%,-9.54%
International Paper Company,11/05/1984,"13,112.7",,,,,-2.36%,7.37%,2.99%,-14.94%,-9.52%
Avery Dennison Corporation,11/05/1984,"8,836.0",,,,,-1.33%,2.14%,2.64%,-17.69%,-9.44%
Atmos Energy Corporation,11/05/1984,"12,308.6",,,,,1.12%,-1.09%,0.80%,-6.79%,-9.41%
Coca-Cola Company,11/05/1984,"208,101.2",,,,,1.80%,0.61%,1.27%,-10.27%,-9.38%
"Juniper Networks, Inc.", 6/25/1999,"6,709.7",,,,,1.28%,0.91%,5.20%,-8.54%,-9.34%
"Prologis, Inc.",11/21/1997,"57,489.0",,,,,7.33%,53.48%,-1.28%,6.70%,-9.34%
Fox Corporation Class A, 2/28/2019,"15,666.9",,,,,-1.05%,-590.30%,-3.02%,-19.87%,-9.33%
Apple Inc.,11/05/1984,"1,216,252.0",,,,,0.23%,9.78%,0.88%,-16.41%,-9.25%
CDW Corp., 6/27/2013,"14,462.8",,,,,-0.40%,6.22%,-0.54%,-16.68%,-9.21%
Electronic Arts Inc., 9/20/1989,"28,115.8",,,,,1.85%,0.68%,1.64%,-2.55%,-9.20%
"ABIOMED, Inc.", 7/29/1987,"6,435.9",,,,,3.42%,39.47%,-14.93%,-5.79%,-9.08%
Honeywell International Inc.,11/05/1984,"105,675.8",,,,,-1.32%,0.85%,4.38%,-9.16%,-9.03%
Abbott Laboratories,11/05/1984,"143,984.3",,,,,3.93%,0.41%,-2.50%,-1.23%,-8.98%
Philip Morris International Inc., 3/17/2008,"123,695.0",,,,,-5.66%,0.90%,4.01%,-2.64%,-8.90%
Bristol-Myers Squibb Company,11/05/1984,"124,140.5",,,,,-2.73%,38.17%,-2.19%,-8.11%,-8.82%
Quest Diagnostics Incorporated,12/17/1996,"12,914.5",,,,,3.92%,4.27%,0.14%,-5.44%,-8.76%
Corteva Inc, 5/24/2019,"18,600.2",,,,,-2.93%,-159.56%,4.65%,-11.11%,-8.75%
"Rollins, Inc.",11/05/1984,"12,396.6",,,,,5.00%,-7.24%,4.92%,-5.04%,-8.74%
Progressive Corporation,11/05/1984,"45,690.8",,,,,2.04%,17.28%,3.01%,-8.36%,-8.73%
Exelon Corporation,11/05/1984,"35,426.3",,,,,2.20%,13.70%,-4.64%,-15.39%,-8.67%
"Amazon.com, Inc.", 5/15/1997,"888,591.6",,,,,0.47%,60.33%,6.28%,-8.47%,-8.65%
"Charter Communications, Inc. Class A",12/02/2009,"95,369.0",,,,,-4.35%,30.56%,3.37%,-7.06%,-8.64%
"National Oilwell Varco, Inc.",10/29/1996,"3,928.9",,,,,-3.65%,65.63%,-10.26%,-48.66%,-8.62%
Visa Inc. Class A, 3/19/2008,"377,739.1",,,,,4.21%,-0.23%,5.69%,-8.54%,-8.58%
"S&P Global, Inc.",11/05/1984,"60,486.8",,,,,-0.89%,4.79%,-0.77%,-7.57%,-8.47%
Cigna Corporation,11/05/1984,"66,919.4",,,,,-2.26%,2.61%,2.52%,-9.98%,-8.00%
Archer-Daniels-Midland Company,11/05/1984,"19,325.2",,,,,-1.84%,12.08%,-1.16%,-16.83%,-7.99%
"Varian Medical Systems, Inc.",11/05/1984,"10,258.0",,,,,-0.78%,-2.90%,2.80%,-16.30%,-7.99%
Cincinnati Financial Corporation,11/05/1984,"14,736.1",,,,,0.81%,10.15%,-1.35%,-11.78%,-7.77%
"Travelers Companies, Inc.",11/05/1984,"27,403.1",,,,,4.57%,0.90%,1.72%,-0.98%,-7.64%
"AvalonBay Communities, Inc.", 3/11/1994,"27,166.4",,,,,0.45%,-0.80%,4.06%,-8.32%,-7.61%
Robert Half International Inc.,11/05/1984,"5,437.1",,,,,-3.79%,0.48%,3.49%,-15.17%,-7.52%
Pfizer Inc.,11/05/1984,"181,463.3",,,,,1.70%,-4.42%,-0.13%,-8.85%,-7.34%
KLA Corporation,11/05/1984,"22,790.0",,,,,-0.01%,3.00%,-2.32%,-6.34%,-7.22%
"Cardinal Health, Inc.",11/05/1984,"13,894.8",,,,,-4.77%,23.56%,2.51%,-14.15%,-7.12%
"Gilead Sciences, Inc.", 1/22/1992,"89,402.3",,,,,7.62%,-22.15%,1.72%,13.63%,-7.07%
Apartment Investment & Management Co Class A, 7/22/1994,"6,858.2",,,,,1.98%,249.51%,3.97%,-9.69%,-6.95%
Packaging Corporation of America, 1/28/2000,"7,984.9",,,,,-1.60%,0.44%,0.36%,-9.36%,-6.91%
Federal Realty Investment Trust,11/05/1984,"8,060.8",,,,,0.58%,125.31%,-0.88%,-7.79%,-6.73%
"Everest Re Group, Ltd.",10/03/1995,"8,696.8",,,,,4.84%,21.18%,-6.31%,-16.57%,-6.52%
"Motorola Solutions, Inc.",11/05/1984,"26,431.2",,,,,1.07%,4.84%,1.30%,-8.86%,-6.48%
STERIS Plc, 6/01/1992,"11,559.2",,,,,2.51%,2.11%,1.95%,-12.20%,-6.17%
"Merck & Co., Inc.",11/05/1984,"194,658.7",,,,,-1.79%,0.98%,-3.89%,-1.10%,-5.92%
"Micron Technology, Inc.",11/05/1984,"47,756.5",,,,,14.56%,2.35%,-1.77%,10.09%,-5.88%
"Regeneron Pharmaceuticals, Inc.", 4/02/1991,"51,219.8",,,,,3.63%,8.22%,3.41%,22.64%,-5.84%
eBay Inc., 9/24/1998,"27,058.8",,,,,4.26%,7.26%,7.43%,-5.68%,-5.74%
"Marsh & McLennan Companies, Inc.",11/05/1984,"49,704.5",,,,,3.97%,0.68%,4.16%,-12.41%,-5.66%
MarketAxess Holdings Inc.,11/05/2004,"13,009.9",,,,,-2.37%,1.79%,-4.70%,-0.64%,-5.58%
"Fiserv, Inc.", 9/25/1986,"70,232.4",,,,,2.72%,-1.17%,0.14%,-10.33%,-5.34%
"Fortinet, Inc.",11/18/2009,"14,256.6",,,,,1.90%,8.39%,-7.18%,-19.83%,-5.16%
"Under Armour, Inc. Class A",11/18/2005,"4,579.6",,,,,-0.97%,-3.21%,-13.08%,-21.08%,-5.01%
Vertex Pharmaceuticals Incorporated, 7/24/1991,"57,262.2",,,,,-1.64%,40.07%,7.39%,-4.73%,-4.92%
Amgen Inc.,11/05/1984,"119,200.0",,,,,-6.43%,6.78%,3.44%,-5.05%,-4.76%
"NextEra Energy, Inc.",11/05/1984,"108,335.3",,,,,7.83%,-3.87%,2.21%,1.63%,-4.62%
Colgate-Palmolive Company,11/05/1984,"59,082.6",,,,,-1.88%,0.54%,3.94%,-5.54%,-4.61%
Sealed Air Corporation,11/05/1984,"3,944.1",,,,,0.54%,4.74%,-8.84%,-18.52%,-4.53%
Northrop Grumman Corporation,11/05/1984,"52,721.8",,,,,2.13%,17.53%,-4.38%,-10.64%,-4.36%
Johnson & Johnson,11/05/1984,"354,035.7",,,,,3.59%,0.62%,3.87%,-3.65%,-4.29%
"McCormick & Company, Incorporated",11/05/1984,"17,937.7",,,,,5.16%,-0.22%,-1.69%,-6.21%,-4.25%
PVH Corp.,11/05/1984,"3,672.7",,,,,3.99%,3.52%,2.45%,2.34%,-4.21%
"W.W. Grainger, Inc.",11/05/1984,"14,273.6",,,,,-3.76%,-3.13%,-2.30%,-9.11%,-4.15%
MSCI Inc. Class A,11/15/2007,"24,034.6",,,,,5.85%,3.92%,7.05%,-5.73%,-4.08%
"Martin Marietta Materials, Inc.", 2/17/1994,"12,331.0",,,,,6.65%,-4.52%,-10.68%,-12.01%,-4.00%
Procter & Gamble Company,11/05/1984,"281,690.5",,,,,3.54%,3.51%,1.72%,-0.35%,-3.98%
FirstEnergy Corp.,11/05/1984,"22,299.0",,,,,1.79%,10.81%,-1.17%,-15.21%,-3.94%
Fortive Corp., 6/13/2016,"20,094.1",,,,,0.31%,6.18%,-8.19%,-14.39%,-3.83%
Walgreens Boots Alliance Inc,11/05/1984,"40,918.0",,,,,1.54%,-3.00%,-4.53%,0.36%,-3.81%
"NIKE, Inc. Class B",11/05/1984,"117,705.0",,,,,5.60%,20.74%,1.82%,2.66%,-3.78%
"O'Reilly Automotive, Inc.", 4/23/1993,"26,536.0",,,,,-3.79%,-0.47%,-1.67%,-5.98%,-3.74%
"Mondelez International, Inc. Class A", 6/13/2001,"72,965.5",,,,,0.68%,1.32%,0.39%,-10.55%,-3.56%
"Netflix, Inc.", 5/23/2002,"147,568.6",,,,,0.68%,149.91%,13.40%,4.42%,-3.42%
Sherwin-Williams Company,11/05/1984,"45,840.5",,,,,2.75%,-2.66%,1.91%,-10.87%,-3.37%
DXC Technology Co.,11/05/1984,"3,841.3",,,,,-2.62%,15.09%,-13.91%,-44.44%,-3.20%
Hilton Worldwide Holdings Inc,12/12/2013,"21,815.7",,,,,6.13%,4.42%,-13.32%,-17.17%,-3.03%
"IDEXX Laboratories, Inc.", 6/21/1991,"21,688.3",,,,,-1.65%,15.01%,6.56%,-9.28%,-2.98%
Hershey Company,11/05/1984,"29,331.4",,,,,1.56%,3.01%,0.75%,-9.63%,-2.88%
Allergan plc, 2/18/1993,"60,487.0",,,,,4.71%,14.21%,-2.97%,-2.33%,-2.83%
Clorox Company,11/05/1984,"20,988.0",,,,,-1.18%,11.17%,0.75%,4.66%,-2.75%
FMC Corporation,11/05/1984,"11,369.4",,,,,4.32%,14.54%,-1.24%,-15.06%,-2.74%
"Essex Property Trust, Inc.", 6/07/1994,"18,245.6",,,,,0.56%,38.13%,3.01%,-11.87%,-2.69%
Seagate Technology PLC,12/11/2002,"12,768.6",,,,,-3.41%,2.83%,0.04%,-8.18%,-2.67%
"Conagra Brands, Inc.",11/05/1984,"12,068.1",,,,,-1.16%,10.84%,-0.42%,-2.27%,-2.56%
"Mid-America Apartment Communities, Inc.", 1/28/1994,"14,398.2",,,,,3.63%,78.90%,4.84%,-10.32%,-2.52%
"Jack Henry & Associates, Inc.",11/20/1985,"12,344.3",,,,,2.78%,5.52%,6.39%,-5.43%,-2.48%
"Broadridge Financial Solutions, Inc.", 3/22/2007,"11,902.8",,,,,0.92%,-25.24%,2.63%,-13.11%,-2.42%
Danaher Corporation,11/05/1984,"98,441.0",,,,,2.37%,2.51%,-3.33%,-11.53%,-2.21%
QUALCOMM Incorporated,12/13/1991,"86,654.1",,,,,-2.22%,15.85%,-3.95%,-10.98%,-2.14%
Microsoft Corporation, 3/13/1986,"1,208,069.0",,,,,3.65%,14.50%,6.33%,-11.81%,-1.96%
"Paychex, Inc.",11/05/1984,"25,646.1",,,,,0.86%,2.46%,0.06%,4.03%,-1.90%
Duke Realty Corporation, 2/06/1986,"11,839.3",,,,,3.97%,79.81%,3.29%,-14.42%,-1.82%
"General Mills, Inc.",11/05/1984,"32,345.6",,,,,-2.76%,8.29%,-2.33%,3.68%,-1.60%
3M Company,11/05/1984,"81,551.0",,,,,-2.68%,-7.62%,-1.89%,-8.30%,-1.15%
"Becton, Dickinson and Company",11/05/1984,"64,132.4",,,,,2.57%,0.86%,2.02%,-7.08%,-1.10%
Biogen Inc., 9/17/1991,"53,126.1",,,,,-5.50%,3.90%,20.44%,-7.74%,-1.03%
Dominion Energy Inc,11/05/1984,"65,607.1",,,,,1.52%,2.47%,1.82%,-9.01%,-0.84%
Cintas Corporation,11/05/1984,"25,271.7",,,,,2.11%,11.51%,1.39%,5.44%,-0.78%
Altria Group Inc, 7/02/1985,"74,464.8",,,,,-1.49%,0.11%,-4.90%,-11.57%,-0.74%
"Anthem, Inc.",10/30/2001,"68,214.9",,,,,-2.16%,-0.07%,8.46%,-12.89%,-0.64%
ViacomCBS Inc. Class B, 6/18/1990,"10,277.0",,,,,6.26%,-31.44%,-26.66%,-23.65%,0.00%
"Leidos Holdings, Inc.",10/13/2006,"12,780.1",,,,,12.28%,12.21%,-11.27%,-17.40%,0.00%
"Huntington Ingalls Industries, Inc.", 3/22/2011,"7,280.6",,,,,2.17%,-14.17%,-17.91%,-13.09%,0.00%
Duke Energy Corporation,11/05/1984,"62,869.4",,,,,1.21%,4.08%,-8.40%,-6.47%,0.00%
"Autodesk, Inc.", 6/28/1985,"34,771.8",,,,,-12.78%,3.36%,-17.21%,0.00%,0.00%
"H&R Block, Inc.",11/05/1984,"3,360.6",,,,,-11.99%,6.41%,-11.77%,0.00%,0.00%
"Consolidated Edison, Inc.",11/05/1984,"29,395.6",,,,,1.26%,8.73%,-2.53%,0.19%,0.00%
Booking Holdings Inc., 3/30/1999,"58,362.4",,,,,-12.10%,5.73%,-22.86%,11.01%,0.00%
Norwegian Cruise Line Holdings Ltd., 1/18/2013,"2,366.6",,,,,-4.99%,4.34%,-41.06%,-61.18%,0.00%
"Diamondback Energy, Inc.",10/12/2012,"4,303.7",,,,,2.03%,6.40%,-22.98%,-55.48%,0.00%
Devon Energy Corporation, 7/30/1985,"3,331.4",,,,,4.63%,1.71%,-28.43%,-46.49%,0.00%
Marathon Oil Corporation, 5/07/1991,"3,605.2",,,,,-1.19%,-34.60%,-25.47%,-45.29%,0.00%
Pioneer Natural Resources Company,12/22/1987,"11,712.7",,,,,3.88%,13.03%,-16.78%,-40.41%,0.00%
MGM Resorts International, 5/02/1988,"7,603.2",,,,,7.64%,-66.88%,-22.77%,-37.13%,0.00%
DISH Network Corporation Class A, 6/21/1995,"11,292.6",,,,,12.35%,19.32%,-17.89%,-36.26%,0.00%
Flowserve Corporation,11/05/1984,"3,366.8",,,,,-0.58%,0.99%,-12.66%,-35.96%,0.00%
"Ventas, Inc.", 9/19/1989,"12,427.4",,,,,1.49%,-88.73%,-17.00%,-35.64%,0.00%
Mosaic Company, 1/26/1988,"4,170.2",,,,,-8.57%,566.37%,-7.17%,-35.58%,0.00%
"American International Group, Inc.",11/05/1984,"24,892.5",,,,,7.81%,2.95%,-17.22%,-32.40%,0.00%
Concho Resources Inc., 8/03/2007,"9,219.6",,,,,1.35%,30.06%,-16.69%,-31.77%,0.00%
"Welltower, Inc.", 8/08/1985,"21,041.8",,,,,-0.77%,21.27%,-14.69%,-31.46%,0.00%
"Expedia Group, Inc.", 7/20/2005,"9,747.4",,,,,1.37%,4.32%,-21.23%,-28.02%,0.00%
Ingersoll Rand Inc., 5/12/2017,"9,558.3",,,,,4.30%,7.81%,-15.58%,-27.44%,0.00%
HollyFrontier Corporation,11/05/1984,"3,668.0",,,,,0.19%,-7.40%,-27.62%,-26.52%,0.00%
"CF Industries Holdings, Inc.", 8/11/2005,"5,983.6",,,,,3.33%,-8.83%,-6.30%,-24.91%,0.00%
Newmont Corporation,11/05/1984,"31,907.6",,,,,4.39%,7.25%,8.27%,-24.16%,0.00%
Macy's Inc, 2/05/1992,"2,481.3",,,,,-5.79%,8.04%,-29.11%,-22.42%,0.00%
Newell Brands Inc,11/05/1984,"5,488.6",,,,,-2.40%,12.22%,-18.16%,-21.22%,0.00%
Vornado Realty Trust,11/05/1984,"8,447.3",,,,,3.86%,-65.69%,-13.08%,-20.96%,0.00%
"Mohawk Industries, Inc.", 4/01/1992,"6,915.0",,,,,-1.86%,2.07%,-12.41%,-20.17%,0.00%
Southern Company,11/05/1984,"56,896.7",,,,,-1.34%,0.40%,-3.21%,-20.13%,0.00%
Entergy Corporation,11/05/1984,"20,557.9",,,,,1.96%,3.54%,-3.55%,-19.81%,0.00%
Albemarle Corporation, 2/22/1994,"7,223.1",,,,,-1.21%,-0.70%,-10.12%,-19.77%,0.00%
"ONEOK, Inc.",11/05/1984,"12,697.2",,,,,-0.38%,0.30%,-48.34%,-19.22%,0.00%
BorgWarner Inc., 8/13/1993,"5,296.5",,,,,-1.70%,13.79%,-9.92%,-18.80%,0.00%
"Agilent Technologies, Inc.",11/18/1999,"21,427.9",,,,,3.21%,-0.23%,-1.17%,-17.96%,0.00%
Pinnacle West Capital Corporation,11/05/1984,"9,171.6",,,,,2.97%,20.59%,-4.14%,-17.86%,0.00%
Garmin Ltd.,12/08/2000,"14,747.7",,,,,-1.02%,23.30%,-9.90%,-17.20%,0.00%
"CenturyLink, Inc.",11/05/1984,"11,026.2",,,,,9.62%,1.00%,-13.04%,-16.16%,0.00%
Westinghouse Air Brake Technologies Corporation, 6/16/1995,"10,534.5",,,,,4.32%,-2.20%,-18.59%,-15.64%,0.00%
Deere & Company,11/05/1984,"43,580.6",,,,,-1.50%,28.73%,-7.55%,-15.29%,0.00%
"Williams Companies, Inc.",11/05/1984,"19,169.6",,,,,0.33%,-3.69%,-15.83%,-14.82%,0.00%
Vulcan Materials Company,11/05/1984,"14,533.0",,,,,3.77%,-8.02%,-6.63%,-14.30%,0.00%
Laboratory Corporation of America Holdings, 7/07/1988,"14,694.3",,,,,4.18%,2.19%,-9.78%,-14.04%,0.00%
Verisk Analytics Inc,10/07/2009,"23,745.5",,,,,3.84%,0.58%,-0.33%,-13.93%,0.00%
PPL Corporation,11/05/1984,"21,053.5",,,,,-0.52%,7.20%,-10.07%,-13.80%,0.00%
"Host Hotels & Resorts, Inc.",11/05/1984,"8,054.1",,,,,-0.77%,-6.81%,-23.46%,-13.23%,0.00%
HP Inc.,11/05/1984,"24,624.9",,,,,1.70%,21.21%,-15.25%,-13.19%,0.00%
NVIDIA Corporation, 1/22/1999,"147,394.1",,,,,10.16%,13.49%,-4.61%,-12.87%,0.00%
Zebra Technologies Corporation Class A, 8/15/1991,"9,938.7",,,,,0.73%,-2.47%,-9.58%,-12.77%,0.00%
"Advance Auto Parts, Inc.",11/29/2001,"7,871.7",,,,,1.40%,21.73%,-8.10%,-12.77%,0.00%
"NetApp, Inc.",11/21/1995,"9,024.0",,,,,9.51%,-1.59%,-15.33%,-12.67%,0.00%
"American Electric Power Company, Inc.",11/05/1984,"42,788.2",,,,,0.61%,3.23%,-3.51%,-12.47%,0.00%
"Applied Materials, Inc.",11/05/1984,"46,732.5",,,,,9.28%,6.18%,-13.73%,-12.44%,0.00%
IPG Photonics Corporation,12/13/2006,"5,950.6",,,,,13.07%,-110.15%,-14.89%,-12.14%,0.00%
Extra Space Storage Inc., 8/12/2004,"13,090.2",,,,,5.31%,5.39%,2.15%,-12.03%,0.00%
LKQ Corporation,10/03/2003,"7,648.0",,,,,2.22%,3.39%,-17.02%,-11.80%,0.00%
"Copart, Inc.", 3/17/1994,"17,256.8",,,,,1.80%,-1.65%,-14.16%,-11.59%,0.00%
Alliant Energy Corp,11/05/1984,"12,472.1",,,,,1.72%,3.12%,-2.79%,-11.46%,0.00%
"Analog Devices, Inc.",11/05/1984,"36,744.7",,,,,7.79%,3.10%,-9.23%,-11.27%,0.00%
Genuine Parts Company,11/05/1984,"11,524.4",,,,,2.61%,3.71%,-10.17%,-11.18%,0.00%
"Arista Networks, Inc.", 6/06/2014,"13,518.4",,,,,2.54%,9.41%,-12.03%,-10.09%,0.00%
"Republic Services, Inc.", 7/01/1998,"27,114.0",,,,,3.43%,2.85%,-6.32%,-9.67%,0.00%
Public Service Enterprise Group Inc,11/05/1984,"22,296.3",,,,,-0.05%,3.00%,-12.27%,-9.46%,0.00%
Eversource Energy,11/05/1984,"29,210.7",,,,,4.08%,-0.87%,1.87%,-9.14%,0.00%
International Flavors & Fragrances Inc.,11/05/1984,"11,643.6",,,,,3.21%,0.82%,-12.40%,-8.98%,0.00%
"Synopsys, Inc.", 2/26/1992,"19,511.5",,,,,5.89%,10.11%,-8.02%,-8.95%,0.00%
"Home Depot, Inc.",11/05/1984,"224,351.2",,,,,1.01%,8.23%,-4.92%,-8.87%,0.00%
"American Water Works Company, Inc.", 4/23/2008,"23,217.3",,,,,2.01%,-0.39%,1.16%,-8.57%,0.00%
Linde plc, 6/17/1992,"94,067.5",,,,,4.31%,3.18%,-13.67%,-7.60%,0.00%
TJX Companies Inc,11/05/1984,"62,537.3",,,,,-3.13%,5.45%,-13.10%,-7.26%,0.00%
"Expeditors International of Washington, Inc.",11/05/1984,"11,060.1",,,,,0.48%,-7.57%,-5.66%,-7.22%,0.00%
Ecolab Inc.,11/05/1984,"51,890.1",,,,,5.71%,-2.53%,-6.63%,-7.14%,0.00%
"Fidelity National Information Services, Inc.", 6/20/2001,"80,060.2",,,,,-0.09%,2.36%,-9.46%,-7.03%,0.00%
Teleflex Incorporated,11/05/1984,"14,763.2",,,,,3.10%,2.00%,-11.42%,-6.48%,0.00%
Allegion PLC,11/18/2013,"10,353.7",,,,,7.41%,-0.37%,-11.18%,-6.31%,0.00%
Ameren Corporation,11/05/1984,"18,750.6",,,,,-0.50%,22.03%,-5.09%,-5.84%,0.00%
"Zoetis, Inc. Class A", 2/01/2013,"59,594.7",,,,,3.23%,4.65%,-8.08%,-5.82%,0.00%
"Cadence Design Systems, Inc.", 6/15/1987,"17,502.1",,,,,5.41%,1.46%,-16.54%,-5.55%,0.00%
"Waste Management, Inc.", 6/22/1988,"44,730.4",,,,,3.41%,3.14%,-10.80%,-4.95%,0.00%
"Iron Mountain, Inc.", 7/01/1997,"8,328.8",,,,,0.28%,-2.00%,-8.84%,-4.67%,0.00%
"salesforce.com, inc.", 6/23/2004,"132,263.1",,,,,-4.15%,18.50%,-13.59%,-4.39%,0.00%
"Henry Schein, Inc.",11/03/1995,"8,131.7",,,,,5.68%,6.41%,-14.03%,-4.29%,0.00%
Public Storage,11/05/1984,"36,933.6",,,,,-2.45%,-6.89%,-3.41%,-4.13%,0.00%
Regency Centers Corporation,10/29/1993,"9,285.6",,,,,-1.05%,-39.02%,-8.58%,-3.81%,0.00%
"PepsiCo, Inc.",11/05/1984,"177,097.5",,,,,3.07%,0.98%,-9.86%,-3.47%,0.00%
Kraft Heinz Company, 9/17/2012,"29,277.0",,,,,1.42%,5.81%,-10.80%,-3.23%,0.00%
Hormel Foods Corporation,11/05/1984,"22,801.7",,,,,1.87%,-1.06%,-3.80%,-3.20%,0.00%
Intuit Inc., 3/12/1993,"68,052.8",,,,,-2.81%,13.31%,-5.32%,-3.12%,0.00%
Keysight Technologies Inc,10/20/2014,"17,246.0",,,,,-3.82%,17.17%,1.25%,-2.95%,0.00%
"Lowe's Companies, Inc.",11/05/1984,"73,957.2",,,,,-2.22%,2.88%,-12.49%,-2.68%,0.00%
J.M. Smucker Company,11/05/1984,"11,751.6",,,,,-1.95%,5.58%,-3.29%,-2.41%,0.00%
Incyte Corporation,11/04/1993,"16,006.7",,,,,1.12%,43.37%,-3.38%,-2.08%,0.00%
American Tower Corporation, 2/25/1998,"105,851.5",,,,,2.66%,22.93%,-0.92%,-2.00%,0.00%
SBA Communications Corp. Class A, 6/16/1999,"31,551.7",,,,,14.75%,49.51%,-3.41%,-1.29%,0.00%
Equifax Inc.,11/05/1984,"17,059.1",,,,,0.06%,2.45%,-12.46%,-0.94%,0.00%
Occidental Petroleum Corporation,11/05/1984,"12,765.9",,,,,-25.14%,72.32%,-56.44%,0.00%,0.00%
"EOG Resources, Inc.",10/04/1989,"20,255.5",,,,,-20.40%,15.94%,-44.99%,0.00%,0.00%
"Nordstrom, Inc.",11/05/1984,"3,359.4",,,,,-16.30%,-3.69%,-34.34%,0.00%,0.00%
Kohl's Corporation, 5/19/1992,"3,881.3",,,,,-13.56%,5.91%,-33.77%,0.00%,0.00%
"Live Nation Entertainment, Inc.",12/14/2005,"9,192.7",,,,,-22.06%,17.91%,-29.49%,0.00%,0.00%
AES Corporation, 6/26/1991,"8,642.0",,,,,-12.74%,6.46%,-22.30%,0.00%,0.00%
Edison International,11/05/1984,"19,306.9",,,,,-9.35%,-3.91%,-20.75%,0.00%,0.00%
Hewlett Packard Enterprise Co.,10/19/2015,"12,703.1",,,,,-12.45%,0.30%,-19.58%,0.00%,0.00%
"DENTSPLY SIRONA, Inc.", 8/18/1987,"8,959.4",,,,,-15.26%,-2.32%,-18.51%,0.00%,0.00%
Brown-Forman Corporation Class B,11/05/1984,"24,410.7",,,,,-9.87%,-3.70%,-17.67%,0.00%,0.00%
"Ross Stores, Inc.", 8/08/1985,"33,315.0",,,,,-10.83%,1.96%,-15.27%,0.00%,0.00%
"Evergy, Inc.",11/05/1984,"13,393.3",,,,,-8.67%,3.06%,-14.84%,0.00%,0.00%
Mylan N.V.,11/05/1984,"7,768.5",,,,,-15.70%,8.87%,-12.45%,0.00%,0.00%
Kroger Co.,11/05/1984,"24,199.5",,,,,4.81%,2.57%,-8.25%,0.00%,0.00%
Campbell Soup Company,11/05/1984,"14,870.0",,,,,-0.66%,6.95%,-6.53%,0.00%,0.00%
"Dollar Tree, Inc.", 3/07/1995,"17,678.7",,,,,-10.17%,1.92%,-5.34%,0.00%,0.00%
Target Corporation,11/05/1984,"50,607.2",,,,,-6.49%,2.25%,-4.55%,0.00%,0.00%
Costco Wholesale Corporation,11/27/1985,"133,476.4",,,,,-2.57%,1.76%,-2.91%,0.00%,0.00%
"AutoZone, Inc.", 4/02/1991,"23,787.0",,,,,-0.60%,5.43%,-1.17%,0.00%,0.00%
Monster Beverage Corporation,12/06/1985,"33,496.9",,,,,-7.96%,5.13%,-0.03%,0.00%,0.00%
Adobe Inc., 8/13/1986,"162,136.4",,,,,-15.56%,1.89%,0.00%,0.00%,0.00%
Broadcom Inc., 8/06/2009,"93,561.2",,,,,-20.14%,-1.61%,0.00%,0.00%,0.00%
"Gap, Inc.",11/05/1984,"4,035.4",,,,,-29.03%,41.92%,0.00%,0.00%,0.00%
Oracle Corporation, 3/13/1986,"153,742.6",,,,,-21.62%,1.28%,0.00%,0.00%,0.00%
Ulta Beauty Inc,10/25/2007,"11,835.8",,,,,-25.19%,4.31%,0.00%,0.00%,0.00%
Dollar General Corporation,11/13/2009,"37,123.2",,,,,-3.10%,4.41%,2.70%,0.00%,0.00%
Walmart Inc.,11/05/1984,"323,721.7",,,,,2.97%,-3.87%,-5.62%,1.05%,0.00%
Berkshire Hathaway Inc. Class B, 5/09/1996,"474,509.4",,,,,-0.12%,-24.39%,-12.88%,1.69%,0.00%
"L Brands, Inc.",11/05/1984,"4,456.8",,,,,-7.36%,1.25%,-31.28%,1.77%,0.00%
"Marriott International, Inc. Class A",10/01/1993,"30,998.2",,,,,-18.34%,7.11%,-21.67%,2.03%,0.00%
Sempra Energy,11/05/1984,"31,250.2",,,,,-7.37%,4.69%,-26.27%,2.54%,0.00%
"Discovery, Inc. Class A", 7/06/2005,"11,369.9",,,,,-12.37%,6.03%,-9.69%,2.74%,0.00%
"FLIR Systems, Inc.", 6/22/1993,"4,313.3",,,,,-4.13%,-11.92%,-30.13%,3.35%,0.00%
Apache Corporation,11/05/1984,"3,044.9",,,,,-13.28%,-219.79%,-69.05%,3.99%,0.00%
"CBRE Group, Inc. Class A", 6/10/2004,"15,527.6",,,,,-9.75%,-2.28%,-21.24%,4.15%,0.00%
"CenterPoint Energy, Inc.",11/05/1984,"7,809.9",,,,,-10.91%,20.12%,-38.45%,4.57%,0.00%
NiSource Inc,11/05/1984,"9,625.4",,,,,-7.28%,5.68%,-12.01%,4.83%,0.00%
"Universal Health Services, Inc. Class B",11/05/1984,"9,115.0",,,,,-4.57%,8.69%,-22.18%,5.30%,0.00%
TechnipFMC Plc, 1/17/2017,"3,192.0",,,,,-12.47%,-92.87%,-56.60%,7.53%,0.00%
"Equinix, Inc.", 8/11/2000,"53,068.4",,,,,3.39%,-7.69%,-9.90%,8.43%,0.00%
"NRG Energy, Inc.",12/02/2003,"7,144.9",,,,,-9.76%,114.42%,-22.90%,8.46%,0.00%
Crown Castle International Corp, 8/18/1998,"64,633.1",,,,,1.03%,-10.52%,-3.97%,8.83%,0.00%
"Quanta Services, Inc.", 2/12/1998,"4,624.4",,,,,-7.72%,12.66%,-24.89%,9.59%,0.00%
"Digital Realty Trust, Inc.",10/29/2004,"29,963.7",,,,,0.63%,519.71%,-0.77%,9.85%,0.00%
"Best Buy Co., Inc.", 4/18/1985,"15,801.0",,,,,-8.58%,5.51%,-29.26%,10.22%,0.00%
Nielsen Holdings Plc, 1/26/2011,"5,363.4",,,,,-5.32%,-1.45%,-26.59%,10.34%,0.00%
Cabot Oil & Gas Corporation, 2/08/1990,"7,321.8",,,,,3.23%,1.94%,9.94%,12.22%,0.00%
Perrigo Co. Plc,12/17/1991,"6,301.3",,,,,1.05%,-1.14%,-21.54%,13.85%,0.00%
"ANSYS, Inc.", 6/20/1996,"20,225.9",,,,,-6.28%,12.81%,-16.26%,15.14%,0.00%
Medtronic Plc,11/05/1984,"119,033.5",,,,,1.64%,4.10%,-10.88%,-11.53%,0.00%
Realty Income Corporation,10/18/1994,"24,744.2",,,,,1.72%,10.78%,-5.23%,-7.36%,0.00%
"Cisco Systems, Inc.", 2/16/1990,"159,626.7",,,,,6.12%,1.51%,-15.62%,-5.74%,0.00%
"Cooper Companies, Inc.",11/05/1984,"15,521.3",,,,,-8.33%,-0.95%,-12.81%,0.00%,0.00%
Verizon Communications Inc.,11/05/1984,"224,039.7",,,,,0.83%,-1.29%,-1.20%,-7.66%,0.02%
"AbbVie, Inc.",12/10/2012,"126,275.6",,,,,2.24%,0.80%,0.92%,-8.45%,0.12%
Mettler-Toledo International Inc.,11/14/1997,"16,178.9",,,,,-6.33%,1.29%,-7.69%,-7.82%,0.43%
Tiffany & Co., 5/05/1987,"15,497.6",,,,,8.28%,-23.90%,-0.07%,0.15%,0.48%
"CarMax, Inc.", 2/04/1997,"11,304.6",,,,,2.82%,-10.02%,-5.91%,11.60%,0.64%
Masco Corporation,11/05/1984,"11,051.1",,,,,3.52%,-4.29%,-6.73%,-10.83%,0.66%
Kellogg Company,11/05/1984,"21,803.5",,,,,-1.28%,6.36%,3.25%,-3.56%,0.74%
"Darden Restaurants, Inc.", 5/09/1995,"7,937.0",,,,,-1.39%,4.85%,3.75%,1.26%,0.88%
A. O. Smith Corporation,11/05/1984,"6,721.6",,,,,-8.00%,-5.81%,-3.25%,-10.02%,0.93%
Xerox Holdings Corporation,11/05/1984,"5,098.4",,,,,-1.13%,24.01%,-3.06%,-0.40%,0.97%
Omnicom Group Inc,11/05/1984,"13,643.2",,,,,0.17%,2.23%,-6.30%,-14.07%,1.11%
Baxter International Inc.,11/05/1984,"41,349.9",,,,,1.21%,3.60%,-1.37%,5.45%,1.12%
DaVita Inc.,10/31/1995,"9,539.3",,,,,0.88%,11.79%,-8.43%,-7.61%,1.44%
NortonLifeLock Inc., 6/23/1989,"10,476.7",,,,,-37.99%,219.53%,0.96%,-13.70%,1.51%
"Citrix Systems, Inc.",12/08/1995,"13,908.5",,,,,6.07%,1.47%,-4.86%,-5.03%,1.58%
Accenture Plc Class A, 7/19/2001,"105,741.1",,,,,3.10%,4.74%,0.06%,0.35%,1.62%
Centene Corporation,12/13/2001,"37,300.9",,,,,-2.57%,-0.08%,8.71%,-7.29%,1.78%
Amcor PLC, 4/04/2019,"10,939.6",,,,,0.73%,-22.09%,-9.65%,-29.18%,1.79%
PayPal Holdings Inc, 7/06/2015,"129,201.0",,,,,1.76%,3.08%,2.89%,-10.39%,2.00%
"Take-Two Interactive Software, Inc.", 4/15/1997,"13,227.5",,,,,-1.03%,-4.60%,0.37%,0.76%,2.41%
"Activision Blizzard, Inc.",11/05/1984,"45,414.9",,,,,0.22%,3.43%,1.27%,-7.96%,2.95%
Thermo Fisher Scientific Inc.,11/05/1984,"119,696.3",,,,,0.33%,0.33%,4.92%,-13.35%,3.20%
News Corporation Class A, 6/19/2013,"6,187.1",,,,,0.87%,25.61%,-4.09%,-25.50%,3.25%
CMS Energy Corporation, 5/27/1987,"17,711.4",,,,,5.35%,-0.93%,-0.22%,-11.04%,3.26%
"VeriSign, Inc.", 1/30/1998,"21,260.3",,,,,0.89%,-1.58%,-2.27%,-11.78%,3.29%
Kimberly-Clark Corporation,11/05/1984,"45,817.1",,,,,6.19%,0.63%,-0.08%,-2.20%,3.62%
Lennar Corporation Class A,11/05/1984,"13,901.4",,,,,0.88%,12.07%,16.81%,1.31%,3.67%
"Constellation Brands, Inc. Class A", 7/01/1986,"25,596.6",,,,,-2.81%,17.39%,1.93%,3.01%,3.80%
"United Parcel Service, Inc. Class B",11/10/1999,"80,895.3",,,,,-1.29%,0.15%,-2.56%,-14.02%,4.13%
"Lamb Weston Holdings, Inc.",11/01/2016,"9,328.0",,,,,0.00%,12.87%,-3.27%,1.38%,4.49%
IQVIA Holdings Inc, 5/09/2013,"22,889.3",,,,,1.91%,1.16%,-14.07%,-20.83%,5.04%
CME Group Inc. Class A,12/06/2002,"65,233.3",,,,,-0.73%,-0.99%,1.32%,-18.10%,5.63%
"FleetCor Technologies, Inc.",12/15/2010,"20,115.1",,,,,3.84%,1.11%,-2.72%,-25.41%,5.78%
AmerisourceBergen Corporation, 4/04/1995,"18,530.3",,,,,1.16%,5.35%,6.35%,-10.79%,6.74%
Western Union Company, 9/20/2006,"9,142.4",,,,,2.73%,-10.73%,-13.09%,-8.94%,7.01%
"T-Mobile US, Inc.", 4/19/2007,"73,173.5",,,,,0.72%,3.71%,12.79%,-17.25%,7.07%
"Akamai Technologies, Inc.",10/29/1999,"13,878.1",,,,,1.62%,8.85%,-8.35%,-10.37%,7.10%
Xcel Energy Inc.,11/05/1984,"35,068.9",,,,,6.22%,4.61%,1.54%,-10.74%,7.25%
WEC Energy Group Inc,11/05/1984,"31,360.6",,,,,5.05%,7.31%,0.60%,-8.77%,7.68%
"Assurant, Inc.", 2/05/2004,"6,253.4",,,,,7.82%,-5.87%,-7.17%,-23.86%,8.20%
"UDR, Inc.",11/05/1984,"21,373.6",,,,,2.61%,1003.94%,-4.63%,-12.21%,8.21%
CVS Health Corporation,11/05/1984,"77,780.1",,,,,2.83%,2.84%,-19.55%,-7.97%,9.23%
Global Payments Inc., 1/12/2001,"51,832.5",,,,,2.60%,1.54%,-8.88%,-14.50%,10.11%
Moody's Corporation,11/05/1984,"39,888.4",,,,,4.15%,3.66%,-10.73%,-20.79%,10.20%
Eli Lilly and Company,11/05/1984,"133,291.0",,,,,-0.52%,13.69%,-0.61%,-11.05%,10.50%
Molson Coors Beverage Company Class B,11/05/1984,"9,210.7",,,,,3.49%,30.08%,-9.89%,-23.22%,10.83%
"Interpublic Group of Companies, Inc.",11/05/1984,"6,635.7",,,,,0.09%,6.47%,-12.73%,-30.00%,12.12%
"Noble Energy, Inc.",11/05/1984,"3,487.4",,,,,-5.06%,-35.82%,-22.42%,-58.53%,14.67%
"Healthpeak Properties, Inc.", 5/23/1985,"14,586.2",,,,,-0.33%,30.37%,-10.83%,-23.34%,14.89%